{"30d_performance_usd": [0.0, 0.0, 0.0, 0.0, 0.0, 0.0, 0.0, 0.0, 0.0, 0.0, 0.0, 0.0, 0.0, 0.0, 0.0, 0.0, 0.0, 0.0, 0.0, 0.0, 0.0, 0.0, 0.0, 0.0, 0.0, 0.0, 0.0, 0.0, 0.0, 26161.3], "total_btc": 3.81163412, "30d_labels": ["2018-3-13", "2018-3-14", "2018-3-15", "2018-3-16", "2018-3-17", "2018-3-18", "2018-3-19", "2018-3-20", "2018-3-21", "2018-3-22", "2018-3-23", "2018-3-24", "2018-3-25", "2018-3-26", "2018-3-27", "2018-3-28", "2018-3-29", "2018-3-30", "2018-3-31", "2018-4-1", "2018-4-2", "2018-4-3", "2018-4-4", "2018-4-5", "2018-4-6", "2018-4-7", "2018-4-8", "2018-4-9", "2018-4-10", "2018-4-11"], "24h_chg_usd": 0.0, "30d_labels_usd": [], "24h_chg_btc": 0.0, "recent_transactions": [["2018-04-11 14:57", "BTC", "buy", 4.0, "3.8116 \u20bf"]], "total_usd": 26161.3032479848, "30d_performance_btc": [0.0, 0.0, 0.0, 0.0, 0.0, 0.0, 0.0, 0.0, 0.0, 0.0, 0.0, 0.0, 0.0, 0.0, 0.0, 0.0, 0.0, 0.0, 0.0, 0.0, 0.0, 0.0, 0.0, 0.0, 0.0, 0.0, 0.0, 0.0, 0.0, 3.8116]}